timestamp,predictions,latency
2025-12-06T15:41:04.617949,2459.501709|2465.616943|2464.762939|2456.638916|2448.807373|2442.650146|2439.326172,1.8023
2025-12-06T15:41:22.072757,2459.501709|2465.616943|2464.762939|2456.638916|2448.807373|2442.650146|2439.326172,0.7264
2025-12-06T15:46:00.426846,2459.501709|2465.616943|2464.762939|2456.638916|2448.807373|2442.650146|2439.326172,1.8854
2025-12-06T15:46:02.983175,2459.501709|2465.616943|2464.762939|2456.638916|2448.807373|2442.650146|2439.326172,0.673
2025-12-06T15:46:04.488882,2459.501709|2465.616943|2464.762939|2456.638916|2448.807373|2442.650146|2439.326172,0.6747
2025-12-06T15:46:06.058637,2459.501709|2465.616943|2464.762939|2456.638916|2448.807373|2442.650146|2439.326172,0.6866
2025-12-06T15:52:48.213023,2459.501709|2465.616943|2464.762939|2456.638916|2448.807373|2442.650146|2439.326172,0.6916
2025-12-06T15:55:29.027153,2459.501709|2465.616943|2464.762939|2456.638916|2448.807373|2442.650146|2439.326172,0.9219
2025-12-06T20:57:59.356658,2459.501709|2465.616943|2464.762939|2456.638916|2448.807373|2442.650146|2439.326172,2.0272
